{"cameraMode":{"drawMode":0,"name":"Shaded","section":"Shading Mode"},"sceneLighting":true,"audioPlay":false,"sceneViewState":{"m_AlwaysRefresh":false,"showFog":true,"showSkybox":true,"showFlares":true,"showImageEffects":true,"showParticleSystems":true,"showVisualEffectGraphs":true,"m_FxEnabled":true},"in2DMode":false,"pivot":{"x":1.9998044967651368,"y":-1.5793856382369996,"z":-0.019817352294921876},"rotation":{"x":0.2288048267364502,"y":0.08834552019834519,"z":-0.020855724811553956,"w":0.9692323803901672},"size":5.854918003082275,"orthographic":false}